"TIME","GEO","UNIT","INDIC_NA","Value"
"2004","European Union (28 countries)","Millions of euro (from 1.1.1999)/Millions of ECU (up to 31.12.1998)","Gross domestic product at market prices","10,658,018.5"
"2005","European Union (28 countries)","Millions of euro (from 1.1.1999)/Millions of ECU (up to 31.12.1998)","Gross domestic product at market prices","11,128,703.2"
"2006","European Union (28 countries)","Millions of euro (from 1.1.1999)/Millions of ECU (up to 31.12.1998)","Gross domestic product at market prices","11,764,658.1"
"2007","European Union (28 countries)","Millions of euro (from 1.1.1999)/Millions of ECU (up to 31.12.1998)","Gross domestic product at market prices","12,473,648.9"
"2008","European Union (28 countries)","Millions of euro (from 1.1.1999)/Millions of ECU (up to 31.12.1998)","Gross domestic product at market prices","12,548,545.7"
"2009","European Union (28 countries)","Millions of euro (from 1.1.1999)/Millions of ECU (up to 31.12.1998)","Gross domestic product at market prices","11,815,748.0"
"2010","European Union (28 countries)","Millions of euro (from 1.1.1999)/Millions of ECU (up to 31.12.1998)","Gross domestic product at market prices","12,337,030.3"
"2011","European Union (28 countries)","Millions of euro (from 1.1.1999)/Millions of ECU (up to 31.12.1998)","Gross domestic product at market prices","12,711,703.4"
"2012","European Union (28 countries)","Millions of euro (from 1.1.1999)/Millions of ECU (up to 31.12.1998)","Gross domestic product at market prices","12,971,121.5"
"2013","European Union (28 countries)","Millions of euro (from 1.1.1999)/Millions of ECU (up to 31.12.1998)","Gross domestic product at market prices",":"
"2004","European Union (27 countries)","Millions of euro (from 1.1.1999)/Millions of ECU (up to 31.12.1998)","Gross domestic product at market prices","10,625,013.6"
"2005","European Union (27 countries)","Millions of euro (from 1.1.1999)/Millions of ECU (up to 31.12.1998)","Gross domestic product at market prices","11,092,673.1"
"2006","European Union (27 countries)","Millions of euro (from 1.1.1999)/Millions of ECU (up to 31.12.1998)","Gross domestic product at market prices","11,724,923.5"
"2007","European Union (27 countries)","Millions of euro (from 1.1.1999)/Millions of ECU (up to 31.12.1998)","Gross domestic product at market prices","12,430,268.5"
"2008","European Union (27 countries)","Millions of euro (from 1.1.1999)/Millions of ECU (up to 31.12.1998)","Gross domestic product at market prices","12,501,007.4"
"2009","European Union (27 countries)","Millions of euro (from 1.1.1999)/Millions of ECU (up to 31.12.1998)","Gross domestic product at market prices","11,770,969.8"
"2010","European Union (27 countries)","Millions of euro (from 1.1.1999)/Millions of ECU (up to 31.12.1998)","Gross domestic product at market prices","12,292,606.9"
"2011","European Union (27 countries)","Millions of euro (from 1.1.1999)/Millions of ECU (up to 31.12.1998)","Gross domestic product at market prices","12,667,319.6"
"2012","European Union (27 countries)","Millions of euro (from 1.1.1999)/Millions of ECU (up to 31.12.1998)","Gross domestic product at market prices","12,927,217.6"
"2013","European Union (27 countries)","Millions of euro (from 1.1.1999)/Millions of ECU (up to 31.12.1998)","Gross domestic product at market prices",":"
"2004","European Union (15 countries)","Millions of euro (from 1.1.1999)/Millions of ECU (up to 31.12.1998)","Gross domestic product at market prices","10,047,788.3"
"2005","European Union (15 countries)","Millions of euro (from 1.1.1999)/Millions of ECU (up to 31.12.1998)","Gross domestic product at market prices","10,420,973.3"
"2006","European Union (15 countries)","Millions of euro (from 1.1.1999)/Millions of ECU (up to 31.12.1998)","Gross domestic product at market prices","10,971,819.6"
"2007","European Union (15 countries)","Millions of euro (from 1.1.1999)/Millions of ECU (up to 31.12.1998)","Gross domestic product at market prices","11,555,718.6"
"2008","European Union (15 countries)","Millions of euro (from 1.1.1999)/Millions of ECU (up to 31.12.1998)","Gross domestic product at market prices","11,506,513.1"
"2009","European Union (15 countries)","Millions of euro (from 1.1.1999)/Millions of ECU (up to 31.12.1998)","Gross domestic product at market prices","10,893,377.5"
"2010","European Union (15 countries)","Millions of euro (from 1.1.1999)/Millions of ECU (up to 31.12.1998)","Gross domestic product at market prices","11,346,143.3"
"2011","European Union (15 countries)","Millions of euro (from 1.1.1999)/Millions of ECU (up to 31.12.1998)","Gross domestic product at market prices","11,675,096.3"
"2012","European Union (15 countries)","Millions of euro (from 1.1.1999)/Millions of ECU (up to 31.12.1998)","Gross domestic product at market prices","11,920,940.8"
"2013","European Union (15 countries)","Millions of euro (from 1.1.1999)/Millions of ECU (up to 31.12.1998)","Gross domestic product at market prices",":"
"2004","Euro area (EA11-2000, EA12-2006, EA13-2007, EA15-2008, EA16-2010, EA17-2013, EA18)","Millions of euro (from 1.1.1999)/Millions of ECU (up to 31.12.1998)","Gross domestic product at market prices","7,771,785.9"
"2005","Euro area (EA11-2000, EA12-2006, EA13-2007, EA15-2008, EA16-2010, EA17-2013, EA18)","Millions of euro (from 1.1.1999)/Millions of ECU (up to 31.12.1998)","Gross domestic product at market prices","8,048,123.7"
"2006","Euro area (EA11-2000, EA12-2006, EA13-2007, EA15-2008, EA16-2010, EA17-2013, EA18)","Millions of euro (from 1.1.1999)/Millions of ECU (up to 31.12.1998)","Gross domestic product at market prices","8,455,403.6"
"2007","Euro area (EA11-2000, EA12-2006, EA13-2007, EA15-2008, EA16-2010, EA17-2013, EA18)","Millions of euro (from 1.1.1999)/Millions of ECU (up to 31.12.1998)","Gross domestic product at market prices","8,938,314.2"
"2008","Euro area (EA11-2000, EA12-2006, EA13-2007, EA15-2008, EA16-2010, EA17-2013, EA18)","Millions of euro (from 1.1.1999)/Millions of ECU (up to 31.12.1998)","Gross domestic product at market prices","9,162,363.9"
"2009","Euro area (EA11-2000, EA12-2006, EA13-2007, EA15-2008, EA16-2010, EA17-2013, EA18)","Millions of euro (from 1.1.1999)/Millions of ECU (up to 31.12.1998)","Gross domestic product at market prices","8,907,495.8"
"2010","Euro area (EA11-2000, EA12-2006, EA13-2007, EA15-2008, EA16-2010, EA17-2013, EA18)","Millions of euro (from 1.1.1999)/Millions of ECU (up to 31.12.1998)","Gross domestic product at market prices","9,153,227.8"
"2011","Euro area (EA11-2000, EA12-2006, EA13-2007, EA15-2008, EA16-2010, EA17-2013, EA18)","Millions of euro (from 1.1.1999)/Millions of ECU (up to 31.12.1998)","Gross domestic product at market prices","9,424,213.4"
"2012","Euro area (EA11-2000, EA12-2006, EA13-2007, EA15-2008, EA16-2010, EA17-2013, EA18)","Millions of euro (from 1.1.1999)/Millions of ECU (up to 31.12.1998)","Gross domestic product at market prices","9,483,733.9"
"2013","Euro area (EA11-2000, EA12-2006, EA13-2007, EA15-2008, EA16-2010, EA17-2013, EA18)","Millions of euro (from 1.1.1999)/Millions of ECU (up to 31.12.1998)","Gross domestic product at market prices",":"
"2004","Euro area (18 countries)","Millions of euro (from 1.1.1999)/Millions of ECU (up to 31.12.1998)","Gross domestic product at market prices","7,871,113.7"
"2005","Euro area (18 countries)","Millions of euro (from 1.1.1999)/Millions of ECU (up to 31.12.1998)","Gross domestic product at market prices","8,157,982.4"
"2006","Euro area (18 countries)","Millions of euro (from 1.1.1999)/Millions of ECU (up to 31.12.1998)","Gross domestic product at market prices","8,580,205.8"
"2007","Euro area (18 countries)","Millions of euro (from 1.1.1999)/Millions of ECU (up to 31.12.1998)","Gross domestic product at market prices","9,051,697.9"
"2008","Euro area (18 countries)","Millions of euro (from 1.1.1999)/Millions of ECU (up to 31.12.1998)","Gross domestic product at market prices","9,265,902.2"
"2009","Euro area (18 countries)","Millions of euro (from 1.1.1999)/Millions of ECU (up to 31.12.1998)","Gross domestic product at market prices","8,939,986.8"
"2010","Euro area (18 countries)","Millions of euro (from 1.1.1999)/Millions of ECU (up to 31.12.1998)","Gross domestic product at market prices","9,185,637.8"
"2011","Euro area (18 countries)","Millions of euro (from 1.1.1999)/Millions of ECU (up to 31.12.1998)","Gross domestic product at market prices","9,444,424.7"
"2012","Euro area (18 countries)","Millions of euro (from 1.1.1999)/Millions of ECU (up to 31.12.1998)","Gross domestic product at market prices","9,505,990.9"
"2013","Euro area (18 countries)","Millions of euro (from 1.1.1999)/Millions of ECU (up to 31.12.1998)","Gross domestic product at market prices",":"
"2004","Euro area (17 countries)","Millions of euro (from 1.1.1999)/Millions of ECU (up to 31.12.1998)","Gross domestic product at market prices","7,859,959.0"
"2005","Euro area (17 countries)","Millions of euro (from 1.1.1999)/Millions of ECU (up to 31.12.1998)","Gross domestic product at market prices","8,145,054.6"
"2006","Euro area (17 countries)","Millions of euro (from 1.1.1999)/Millions of ECU (up to 31.12.1998)","Gross domestic product at market prices","8,564,224.0"
"2007","Euro area (17 countries)","Millions of euro (from 1.1.1999)/Millions of ECU (up to 31.12.1998)","Gross domestic product at market prices","9,030,671.4"
"2008","Euro area (17 countries)","Millions of euro (from 1.1.1999)/Millions of ECU (up to 31.12.1998)","Gross domestic product at market prices","9,243,012.4"
"2009","Euro area (17 countries)","Millions of euro (from 1.1.1999)/Millions of ECU (up to 31.12.1998)","Gross domestic product at market prices","8,921,465.5"
"2010","Euro area (17 countries)","Millions of euro (from 1.1.1999)/Millions of ECU (up to 31.12.1998)","Gross domestic product at market prices","9,167,599.0"
"2011","Euro area (17 countries)","Millions of euro (from 1.1.1999)/Millions of ECU (up to 31.12.1998)","Gross domestic product at market prices","9,424,213.4"
"2012","Euro area (17 countries)","Millions of euro (from 1.1.1999)/Millions of ECU (up to 31.12.1998)","Gross domestic product at market prices","9,483,733.9"
"2013","Euro area (17 countries)","Millions of euro (from 1.1.1999)/Millions of ECU (up to 31.12.1998)","Gross domestic product at market prices",":"
"2004","Euro area (16 countries)","Millions of euro (from 1.1.1999)/Millions of ECU (up to 31.12.1998)","Gross domestic product at market prices",":"
"2005","Euro area (16 countries)","Millions of euro (from 1.1.1999)/Millions of ECU (up to 31.12.1998)","Gross domestic product at market prices",":"
"2006","Euro area (16 countries)","Millions of euro (from 1.1.1999)/Millions of ECU (up to 31.12.1998)","Gross domestic product at market prices",":"
"2007","Euro area (16 countries)","Millions of euro (from 1.1.1999)/Millions of ECU (up to 31.12.1998)","Gross domestic product at market prices",":"
"2008","Euro area (16 countries)","Millions of euro (from 1.1.1999)/Millions of ECU (up to 31.12.1998)","Gross domestic product at market prices",":"
"2009","Euro area (16 countries)","Millions of euro (from 1.1.1999)/Millions of ECU (up to 31.12.1998)","Gross domestic product at market prices",":"
"2010","Euro area (16 countries)","Millions of euro (from 1.1.1999)/Millions of ECU (up to 31.12.1998)","Gross domestic product at market prices",":"
"2011","Euro area (16 countries)","Millions of euro (from 1.1.1999)/Millions of ECU (up to 31.12.1998)","Gross domestic product at market prices",":"
"2012","Euro area (16 countries)","Millions of euro (from 1.1.1999)/Millions of ECU (up to 31.12.1998)","Gross domestic product at market prices",":"
"2013","Euro area (16 countries)","Millions of euro (from 1.1.1999)/Millions of ECU (up to 31.12.1998)","Gross domestic product at market prices",":"
"2004","Euro area (15 countries)","Millions of euro (from 1.1.1999)/Millions of ECU (up to 31.12.1998)","Gross domestic product at market prices",":"
"2005","Euro area (15 countries)","Millions of euro (from 1.1.1999)/Millions of ECU (up to 31.12.1998)","Gross domestic product at market prices",":"
"2006","Euro area (15 countries)","Millions of euro (from 1.1.1999)/Millions of ECU (up to 31.12.1998)","Gross domestic product at market prices",":"
"2007","Euro area (15 countries)","Millions of euro (from 1.1.1999)/Millions of ECU (up to 31.12.1998)","Gross domestic product at market prices",":"
"2008","Euro area (15 countries)","Millions of euro (from 1.1.1999)/Millions of ECU (up to 31.12.1998)","Gross domestic product at market prices",":"
"2009","Euro area (15 countries)","Millions of euro (from 1.1.1999)/Millions of ECU (up to 31.12.1998)","Gross domestic product at market prices",":"
"2010","Euro area (15 countries)","Millions of euro (from 1.1.1999)/Millions of ECU (up to 31.12.1998)","Gross domestic product at market prices",":"
"2011","Euro area (15 countries)","Millions of euro (from 1.1.1999)/Millions of ECU (up to 31.12.1998)","Gross domestic product at market prices",":"
"2012","Euro area (15 countries)","Millions of euro (from 1.1.1999)/Millions of ECU (up to 31.12.1998)","Gross domestic product at market prices",":"
"2013","Euro area (15 countries)","Millions of euro (from 1.1.1999)/Millions of ECU (up to 31.12.1998)","Gross domestic product at market prices",":"
"2004","Euro area (13 countries)","Millions of euro (from 1.1.1999)/Millions of ECU (up to 31.12.1998)","Gross domestic product at market prices",":"
"2005","Euro area (13 countries)","Millions of euro (from 1.1.1999)/Millions of ECU (up to 31.12.1998)","Gross domestic product at market prices",":"
"2006","Euro area (13 countries)","Millions of euro (from 1.1.1999)/Millions of ECU (up to 31.12.1998)","Gross domestic product at market prices",":"
"2007","Euro area (13 countries)","Millions of euro (from 1.1.1999)/Millions of ECU (up to 31.12.1998)","Gross domestic product at market prices",":"
"2008","Euro area (13 countries)","Millions of euro (from 1.1.1999)/Millions of ECU (up to 31.12.1998)","Gross domestic product at market prices",":"
"2009","Euro area (13 countries)","Millions of euro (from 1.1.1999)/Millions of ECU (up to 31.12.1998)","Gross domestic product at market prices",":"
"2010","Euro area (13 countries)","Millions of euro (from 1.1.1999)/Millions of ECU (up to 31.12.1998)","Gross domestic product at market prices",":"
"2011","Euro area (13 countries)","Millions of euro (from 1.1.1999)/Millions of ECU (up to 31.12.1998)","Gross domestic product at market prices",":"
"2012","Euro area (13 countries)","Millions of euro (from 1.1.1999)/Millions of ECU (up to 31.12.1998)","Gross domestic product at market prices",":"
"2013","Euro area (13 countries)","Millions of euro (from 1.1.1999)/Millions of ECU (up to 31.12.1998)","Gross domestic product at market prices",":"
"2004","Euro area (12 countries)","Millions of euro (from 1.1.1999)/Millions of ECU (up to 31.12.1998)","Gross domestic product at market prices","7,771,785.9"
"2005","Euro area (12 countries)","Millions of euro (from 1.1.1999)/Millions of ECU (up to 31.12.1998)","Gross domestic product at market prices","8,048,123.7"
"2006","Euro area (12 countries)","Millions of euro (from 1.1.1999)/Millions of ECU (up to 31.12.1998)","Gross domestic product at market prices","8,455,403.6"
"2007","Euro area (12 countries)","Millions of euro (from 1.1.1999)/Millions of ECU (up to 31.12.1998)","Gross domestic product at market prices","8,903,720.6"
"2008","Euro area (12 countries)","Millions of euro (from 1.1.1999)/Millions of ECU (up to 31.12.1998)","Gross domestic product at market prices","9,101,998.9"
"2009","Euro area (12 countries)","Millions of euro (from 1.1.1999)/Millions of ECU (up to 31.12.1998)","Gross domestic product at market prices","8,786,471.7"
"2010","Euro area (12 countries)","Millions of euro (from 1.1.1999)/Millions of ECU (up to 31.12.1998)","Gross domestic product at market prices","9,028,055.1"
"2011","Euro area (12 countries)","Millions of euro (from 1.1.1999)/Millions of ECU (up to 31.12.1998)","Gross domestic product at market prices","9,278,248.9"
"2012","Euro area (12 countries)","Millions of euro (from 1.1.1999)/Millions of ECU (up to 31.12.1998)","Gross domestic product at market prices","9,335,166.6"
"2013","Euro area (12 countries)","Millions of euro (from 1.1.1999)/Millions of ECU (up to 31.12.1998)","Gross domestic product at market prices",":"
"2004","Belgium","Millions of euro (from 1.1.1999)/Millions of ECU (up to 31.12.1998)","Gross domestic product at market prices","291,287.0"
"2005","Belgium","Millions of euro (from 1.1.1999)/Millions of ECU (up to 31.12.1998)","Gross domestic product at market prices","303,435.0"
"2006","Belgium","Millions of euro (from 1.1.1999)/Millions of ECU (up to 31.12.1998)","Gross domestic product at market prices","318,829.0"
"2007","Belgium","Millions of euro (from 1.1.1999)/Millions of ECU (up to 31.12.1998)","Gross domestic product at market prices","335,815.0"
"2008","Belgium","Millions of euro (from 1.1.1999)/Millions of ECU (up to 31.12.1998)","Gross domestic product at market prices","346,375.0"
"2009","Belgium","Millions of euro (from 1.1.1999)/Millions of ECU (up to 31.12.1998)","Gross domestic product at market prices","340,669.0"
"2010","Belgium","Millions of euro (from 1.1.1999)/Millions of ECU (up to 31.12.1998)","Gross domestic product at market prices","355,740.0"
"2011","Belgium","Millions of euro (from 1.1.1999)/Millions of ECU (up to 31.12.1998)","Gross domestic product at market prices","369,259.0"
"2012","Belgium","Millions of euro (from 1.1.1999)/Millions of ECU (up to 31.12.1998)","Gross domestic product at market prices","375,881.0"
"2013","Belgium","Millions of euro (from 1.1.1999)/Millions of ECU (up to 31.12.1998)","Gross domestic product at market prices",":"
"2004","Bulgaria","Millions of euro (from 1.1.1999)/Millions of ECU (up to 31.12.1998)","Gross domestic product at market prices","20,387.9"
"2005","Bulgaria","Millions of euro (from 1.1.1999)/Millions of ECU (up to 31.12.1998)","Gross domestic product at market prices","23,255.8"
"2006","Bulgaria","Millions of euro (from 1.1.1999)/Millions of ECU (up to 31.12.1998)","Gross domestic product at market prices","26,476.7"
"2007","Bulgaria","Millions of euro (from 1.1.1999)/Millions of ECU (up to 31.12.1998)","Gross domestic product at market prices","30,772.4"
"2008","Bulgaria","Millions of euro (from 1.1.1999)/Millions of ECU (up to 31.12.1998)","Gross domestic product at market prices","35,430.5"
"2009","Bulgaria","Millions of euro (from 1.1.1999)/Millions of ECU (up to 31.12.1998)","Gross domestic product at market prices","34,932.8"
"2010","Bulgaria","Millions of euro (from 1.1.1999)/Millions of ECU (up to 31.12.1998)","Gross domestic product at market prices","36,052.4"
"2011","Bulgaria","Millions of euro (from 1.1.1999)/Millions of ECU (up to 31.12.1998)","Gross domestic product at market prices","38,504.9"
"2012","Bulgaria","Millions of euro (from 1.1.1999)/Millions of ECU (up to 31.12.1998)","Gross domestic product at market prices","39,667.7"
"2013","Bulgaria","Millions of euro (from 1.1.1999)/Millions of ECU (up to 31.12.1998)","Gross domestic product at market prices",":"
"2004","Czech Republic","Millions of euro (from 1.1.1999)/Millions of ECU (up to 31.12.1998)","Gross domestic product at market prices","91,849.5"
"2005","Czech Republic","Millions of euro (from 1.1.1999)/Millions of ECU (up to 31.12.1998)","Gross domestic product at market prices","104,628.8"
"2006","Czech Republic","Millions of euro (from 1.1.1999)/Millions of ECU (up to 31.12.1998)","Gross domestic product at market prices","118,290.8"
"2007","Czech Republic","Millions of euro (from 1.1.1999)/Millions of ECU (up to 31.12.1998)","Gross domestic product at market prices","131,908.6"
"2008","Czech Republic","Millions of euro (from 1.1.1999)/Millions of ECU (up to 31.12.1998)","Gross domestic product at market prices","154,269.7"
"2009","Czech Republic","Millions of euro (from 1.1.1999)/Millions of ECU (up to 31.12.1998)","Gross domestic product at market prices","142,197.0"
"2010","Czech Republic","Millions of euro (from 1.1.1999)/Millions of ECU (up to 31.12.1998)","Gross domestic product at market prices","149,932.0"
"2011","Czech Republic","Millions of euro (from 1.1.1999)/Millions of ECU (up to 31.12.1998)","Gross domestic product at market prices","155,486.0"
"2012","Czech Republic","Millions of euro (from 1.1.1999)/Millions of ECU (up to 31.12.1998)","Gross domestic product at market prices","152,925.6"
"2013","Czech Republic","Millions of euro (from 1.1.1999)/Millions of ECU (up to 31.12.1998)","Gross domestic product at market prices",":"
"2004","Denmark","Millions of euro (from 1.1.1999)/Millions of ECU (up to 31.12.1998)","Gross domestic product at market prices","197,069.9"
"2005","Denmark","Millions of euro (from 1.1.1999)/Millions of ECU (up to 31.12.1998)","Gross domestic product at market prices","207,366.9"
"2006","Denmark","Millions of euro (from 1.1.1999)/Millions of ECU (up to 31.12.1998)","Gross domestic product at market prices","218,747.4"
"2007","Denmark","Millions of euro (from 1.1.1999)/Millions of ECU (up to 31.12.1998)","Gross domestic product at market prices","227,533.9"
"2008","Denmark","Millions of euro (from 1.1.1999)/Millions of ECU (up to 31.12.1998)","Gross domestic product at market prices","235,133.0"
"2009","Denmark","Millions of euro (from 1.1.1999)/Millions of ECU (up to 31.12.1998)","Gross domestic product at market prices","223,575.8"
"2010","Denmark","Millions of euro (from 1.1.1999)/Millions of ECU (up to 31.12.1998)","Gross domestic product at market prices","236,334.1"
"2011","Denmark","Millions of euro (from 1.1.1999)/Millions of ECU (up to 31.12.1998)","Gross domestic product at market prices","240,487.1"
"2012","Denmark","Millions of euro (from 1.1.1999)/Millions of ECU (up to 31.12.1998)","Gross domestic product at market prices","245,252.0"
"2013","Denmark","Millions of euro (from 1.1.1999)/Millions of ECU (up to 31.12.1998)","Gross domestic product at market prices",":"
"2004","Germany (until 1990 former territory of the FRG)","Millions of euro (from 1.1.1999)/Millions of ECU (up to 31.12.1998)","Gross domestic product at market prices","2,195,700.0"
"2005","Germany (until 1990 former territory of the FRG)","Millions of euro (from 1.1.1999)/Millions of ECU (up to 31.12.1998)","Gross domestic product at market prices","2,224,400.0"
"2006","Germany (until 1990 former territory of the FRG)","Millions of euro (from 1.1.1999)/Millions of ECU (up to 31.12.1998)","Gross domestic product at market prices","2,313,900.0"
"2007","Germany (until 1990 former territory of the FRG)","Millions of euro (from 1.1.1999)/Millions of ECU (up to 31.12.1998)","Gross domestic product at market prices","2,428,500.0"
"2008","Germany (until 1990 former territory of the FRG)","Millions of euro (from 1.1.1999)/Millions of ECU (up to 31.12.1998)","Gross domestic product at market prices","2,473,800.0"
"2009","Germany (until 1990 former territory of the FRG)","Millions of euro (from 1.1.1999)/Millions of ECU (up to 31.12.1998)","Gross domestic product at market prices","2,374,200.0"
"2010","Germany (until 1990 former territory of the FRG)","Millions of euro (from 1.1.1999)/Millions of ECU (up to 31.12.1998)","Gross domestic product at market prices","2,495,000.0"
"2011","Germany (until 1990 former territory of the FRG)","Millions of euro (from 1.1.1999)/Millions of ECU (up to 31.12.1998)","Gross domestic product at market prices","2,609,900.0"
"2012","Germany (until 1990 former territory of the FRG)","Millions of euro (from 1.1.1999)/Millions of ECU (up to 31.12.1998)","Gross domestic product at market prices","2,666,400.0"
"2013","Germany (until 1990 former territory of the FRG)","Millions of euro (from 1.1.1999)/Millions of ECU (up to 31.12.1998)","Gross domestic product at market prices","2,737,600.0"
"2004","Estonia","Millions of euro (from 1.1.1999)/Millions of ECU (up to 31.12.1998)","Gross domestic product at market prices","9,685.3"
"2005","Estonia","Millions of euro (from 1.1.1999)/Millions of ECU (up to 31.12.1998)","Gross domestic product at market prices","11,181.7"
"2006","Estonia","Millions of euro (from 1.1.1999)/Millions of ECU (up to 31.12.1998)","Gross domestic product at market prices","13,390.8"
"2007","Estonia","Millions of euro (from 1.1.1999)/Millions of ECU (up to 31.12.1998)","Gross domestic product at market prices","16,069.4"
"2008","Estonia","Millions of euro (from 1.1.1999)/Millions of ECU (up to 31.12.1998)","Gross domestic product at market prices","16,235.1"
"2009","Estonia","Millions of euro (from 1.1.1999)/Millions of ECU (up to 31.12.1998)","Gross domestic product at market prices","13,969.7"
"2010","Estonia","Millions of euro (from 1.1.1999)/Millions of ECU (up to 31.12.1998)","Gross domestic product at market prices","14,371.1"
"2011","Estonia","Millions of euro (from 1.1.1999)/Millions of ECU (up to 31.12.1998)","Gross domestic product at market prices","16,216.4"
"2012","Estonia","Millions of euro (from 1.1.1999)/Millions of ECU (up to 31.12.1998)","Gross domestic product at market prices","17,415.1"
"2013","Estonia","Millions of euro (from 1.1.1999)/Millions of ECU (up to 31.12.1998)","Gross domestic product at market prices",":"
"2004","Ireland","Millions of euro (from 1.1.1999)/Millions of ECU (up to 31.12.1998)","Gross domestic product at market prices","150,024.4"
"2005","Ireland","Millions of euro (from 1.1.1999)/Millions of ECU (up to 31.12.1998)","Gross domestic product at market prices","162,896.8"
"2006","Ireland","Millions of euro (from 1.1.1999)/Millions of ECU (up to 31.12.1998)","Gross domestic product at market prices","177,573.5"
"2007","Ireland","Millions of euro (from 1.1.1999)/Millions of ECU (up to 31.12.1998)","Gross domestic product at market prices","189,654.7"
"2008","Ireland","Millions of euro (from 1.1.1999)/Millions of ECU (up to 31.12.1998)","Gross domestic product at market prices","180,249.5"
"2009","Ireland","Millions of euro (from 1.1.1999)/Millions of ECU (up to 31.12.1998)","Gross domestic product at market prices","162,283.5"
"2010","Ireland","Millions of euro (from 1.1.1999)/Millions of ECU (up to 31.12.1998)","Gross domestic product at market prices","158,096.7"
"2011","Ireland","Millions of euro (from 1.1.1999)/Millions of ECU (up to 31.12.1998)","Gross domestic product at market prices","162,599.7"
"2012","Ireland","Millions of euro (from 1.1.1999)/Millions of ECU (up to 31.12.1998)","Gross domestic product at market prices","163,938.3"
"2013","Ireland","Millions of euro (from 1.1.1999)/Millions of ECU (up to 31.12.1998)","Gross domestic product at market prices",":"
"2004","Greece","Millions of euro (from 1.1.1999)/Millions of ECU (up to 31.12.1998)","Gross domestic product at market prices","185,265.7"
"2005","Greece","Millions of euro (from 1.1.1999)/Millions of ECU (up to 31.12.1998)","Gross domestic product at market prices","193,049.7"
"2006","Greece","Millions of euro (from 1.1.1999)/Millions of ECU (up to 31.12.1998)","Gross domestic product at market prices","208,622.3"
"2007","Greece","Millions of euro (from 1.1.1999)/Millions of ECU (up to 31.12.1998)","Gross domestic product at market prices","223,160.1"
"2008","Greece","Millions of euro (from 1.1.1999)/Millions of ECU (up to 31.12.1998)","Gross domestic product at market prices","233,197.7"
"2009","Greece","Millions of euro (from 1.1.1999)/Millions of ECU (up to 31.12.1998)","Gross domestic product at market prices","231,081.2"
"2010","Greece","Millions of euro (from 1.1.1999)/Millions of ECU (up to 31.12.1998)","Gross domestic product at market prices","222,151.5"
"2011","Greece","Millions of euro (from 1.1.1999)/Millions of ECU (up to 31.12.1998)","Gross domestic product at market prices","208,531.7"
"2012","Greece","Millions of euro (from 1.1.1999)/Millions of ECU (up to 31.12.1998)","Gross domestic product at market prices","193,749.0"
"2013","Greece","Millions of euro (from 1.1.1999)/Millions of ECU (up to 31.12.1998)","Gross domestic product at market prices",":"
"2004","Spain","Millions of euro (from 1.1.1999)/Millions of ECU (up to 31.12.1998)","Gross domestic product at market prices","841,294.0"
"2005","Spain","Millions of euro (from 1.1.1999)/Millions of ECU (up to 31.12.1998)","Gross domestic product at market prices","909,298.0"
"2006","Spain","Millions of euro (from 1.1.1999)/Millions of ECU (up to 31.12.1998)","Gross domestic product at market prices","985,547.0"
"2007","Spain","Millions of euro (from 1.1.1999)/Millions of ECU (up to 31.12.1998)","Gross domestic product at market prices","1,053,161.0"
"2008","Spain","Millions of euro (from 1.1.1999)/Millions of ECU (up to 31.12.1998)","Gross domestic product at market prices","1,087,788.0"
"2009","Spain","Millions of euro (from 1.1.1999)/Millions of ECU (up to 31.12.1998)","Gross domestic product at market prices","1,046,894.0"
"2010","Spain","Millions of euro (from 1.1.1999)/Millions of ECU (up to 31.12.1998)","Gross domestic product at market prices","1,045,620.0"
"2011","Spain","Millions of euro (from 1.1.1999)/Millions of ECU (up to 31.12.1998)","Gross domestic product at market prices","1,046,327.0"
"2012","Spain","Millions of euro (from 1.1.1999)/Millions of ECU (up to 31.12.1998)","Gross domestic product at market prices","1,029,002.0"
"2013","Spain","Millions of euro (from 1.1.1999)/Millions of ECU (up to 31.12.1998)","Gross domestic product at market prices",":"
"2004","France","Millions of euro (from 1.1.1999)/Millions of ECU (up to 31.12.1998)","Gross domestic product at market prices","1,655,571.6"
"2005","France","Millions of euro (from 1.1.1999)/Millions of ECU (up to 31.12.1998)","Gross domestic product at market prices","1,718,047.2"
"2006","France","Millions of euro (from 1.1.1999)/Millions of ECU (up to 31.12.1998)","Gross domestic product at market prices","1,798,115.5"
"2007","France","Millions of euro (from 1.1.1999)/Millions of ECU (up to 31.12.1998)","Gross domestic product at market prices","1,886,792.1"
"2008","France","Millions of euro (from 1.1.1999)/Millions of ECU (up to 31.12.1998)","Gross domestic product at market prices","1,933,195.0"
"2009","France","Millions of euro (from 1.1.1999)/Millions of ECU (up to 31.12.1998)","Gross domestic product at market prices","1,885,763.0"
"2010","France","Millions of euro (from 1.1.1999)/Millions of ECU (up to 31.12.1998)","Gross domestic product at market prices","1,936,720.0"
"2011","France","Millions of euro (from 1.1.1999)/Millions of ECU (up to 31.12.1998)","Gross domestic product at market prices","2,001,398.0"
"2012","France","Millions of euro (from 1.1.1999)/Millions of ECU (up to 31.12.1998)","Gross domestic product at market prices","2,032,296.8"
"2013","France","Millions of euro (from 1.1.1999)/Millions of ECU (up to 31.12.1998)","Gross domestic product at market prices",":"
"2004","Croatia","Millions of euro (from 1.1.1999)/Millions of ECU (up to 31.12.1998)","Gross domestic product at market prices","33,004.9"
"2005","Croatia","Millions of euro (from 1.1.1999)/Millions of ECU (up to 31.12.1998)","Gross domestic product at market prices","36,030.1"
"2006","Croatia","Millions of euro (from 1.1.1999)/Millions of ECU (up to 31.12.1998)","Gross domestic product at market prices","39,734.6"
"2007","Croatia","Millions of euro (from 1.1.1999)/Millions of ECU (up to 31.12.1998)","Gross domestic product at market prices","43,380.4"
"2008","Croatia","Millions of euro (from 1.1.1999)/Millions of ECU (up to 31.12.1998)","Gross domestic product at market prices","47,538.3"
"2009","Croatia","Millions of euro (from 1.1.1999)/Millions of ECU (up to 31.12.1998)","Gross domestic product at market prices","44,778.3"
"2010","Croatia","Millions of euro (from 1.1.1999)/Millions of ECU (up to 31.12.1998)","Gross domestic product at market prices","44,423.4"
"2011","Croatia","Millions of euro (from 1.1.1999)/Millions of ECU (up to 31.12.1998)","Gross domestic product at market prices","44,191.0"
"2012","Croatia","Millions of euro (from 1.1.1999)/Millions of ECU (up to 31.12.1998)","Gross domestic product at market prices","43,681.8"
"2013","Croatia","Millions of euro (from 1.1.1999)/Millions of ECU (up to 31.12.1998)","Gross domestic product at market prices",":"
"2004","Italy","Millions of euro (from 1.1.1999)/Millions of ECU (up to 31.12.1998)","Gross domestic product at market prices","1,397,728.3"
"2005","Italy","Millions of euro (from 1.1.1999)/Millions of ECU (up to 31.12.1998)","Gross domestic product at market prices","1,436,379.5"
"2006","Italy","Millions of euro (from 1.1.1999)/Millions of ECU (up to 31.12.1998)","Gross domestic product at market prices","1,493,031.3"
"2007","Italy","Millions of euro (from 1.1.1999)/Millions of ECU (up to 31.12.1998)","Gross domestic product at market prices","1,554,198.9"
"2008","Italy","Millions of euro (from 1.1.1999)/Millions of ECU (up to 31.12.1998)","Gross domestic product at market prices","1,575,143.9"
"2009","Italy","Millions of euro (from 1.1.1999)/Millions of ECU (up to 31.12.1998)","Gross domestic product at market prices","1,519,695.1"
"2010","Italy","Millions of euro (from 1.1.1999)/Millions of ECU (up to 31.12.1998)","Gross domestic product at market prices","1,551,885.6"
"2011","Italy","Millions of euro (from 1.1.1999)/Millions of ECU (up to 31.12.1998)","Gross domestic product at market prices","1,580,410.1"
"2012","Italy","Millions of euro (from 1.1.1999)/Millions of ECU (up to 31.12.1998)","Gross domestic product at market prices","1,567,010.0"
"2013","Italy","Millions of euro (from 1.1.1999)/Millions of ECU (up to 31.12.1998)","Gross domestic product at market prices",":"
"2004","Cyprus","Millions of euro (from 1.1.1999)/Millions of ECU (up to 31.12.1998)","Gross domestic product at market prices","12,596.0"
"2005","Cyprus","Millions of euro (from 1.1.1999)/Millions of ECU (up to 31.12.1998)","Gross domestic product at market prices","13,598.2"
"2006","Cyprus","Millions of euro (from 1.1.1999)/Millions of ECU (up to 31.12.1998)","Gross domestic product at market prices","14,670.5"
"2007","Cyprus","Millions of euro (from 1.1.1999)/Millions of ECU (up to 31.12.1998)","Gross domestic product at market prices","15,901.5"
"2008","Cyprus","Millions of euro (from 1.1.1999)/Millions of ECU (up to 31.12.1998)","Gross domestic product at market prices","17,157.1"
"2009","Cyprus","Millions of euro (from 1.1.1999)/Millions of ECU (up to 31.12.1998)","Gross domestic product at market prices","16,853.5"
"2010","Cyprus","Millions of euro (from 1.1.1999)/Millions of ECU (up to 31.12.1998)","Gross domestic product at market prices","17,406.0"
"2011","Cyprus","Millions of euro (from 1.1.1999)/Millions of ECU (up to 31.12.1998)","Gross domestic product at market prices","17,979.3"
"2012","Cyprus","Millions of euro (from 1.1.1999)/Millions of ECU (up to 31.12.1998)","Gross domestic product at market prices","17,886.8"
"2013","Cyprus","Millions of euro (from 1.1.1999)/Millions of ECU (up to 31.12.1998)","Gross domestic product at market prices",":"
"2004","Latvia","Millions of euro (from 1.1.1999)/Millions of ECU (up to 31.12.1998)","Gross domestic product at market prices","11,154.6"
"2005","Latvia","Millions of euro (from 1.1.1999)/Millions of ECU (up to 31.12.1998)","Gross domestic product at market prices","12,927.8"
"2006","Latvia","Millions of euro (from 1.1.1999)/Millions of ECU (up to 31.12.1998)","Gross domestic product at market prices","15,981.9"
"2007","Latvia","Millions of euro (from 1.1.1999)/Millions of ECU (up to 31.12.1998)","Gross domestic product at market prices","21,026.5"
"2008","Latvia","Millions of euro (from 1.1.1999)/Millions of ECU (up to 31.12.1998)","Gross domestic product at market prices","22,889.8"
"2009","Latvia","Millions of euro (from 1.1.1999)/Millions of ECU (up to 31.12.1998)","Gross domestic product at market prices","18,521.3"
"2010","Latvia","Millions of euro (from 1.1.1999)/Millions of ECU (up to 31.12.1998)","Gross domestic product at market prices","18,038.9"
"2011","Latvia","Millions of euro (from 1.1.1999)/Millions of ECU (up to 31.12.1998)","Gross domestic product at market prices","20,211.3"
"2012","Latvia","Millions of euro (from 1.1.1999)/Millions of ECU (up to 31.12.1998)","Gross domestic product at market prices","22,256.9"
"2013","Latvia","Millions of euro (from 1.1.1999)/Millions of ECU (up to 31.12.1998)","Gross domestic product at market prices",":"
"2004","Lithuania","Millions of euro (from 1.1.1999)/Millions of ECU (up to 31.12.1998)","Gross domestic product at market prices","18,244.8"
"2005","Lithuania","Millions of euro (from 1.1.1999)/Millions of ECU (up to 31.12.1998)","Gross domestic product at market prices","20,969.1"
"2006","Lithuania","Millions of euro (from 1.1.1999)/Millions of ECU (up to 31.12.1998)","Gross domestic product at market prices","24,104.2"
"2007","Lithuania","Millions of euro (from 1.1.1999)/Millions of ECU (up to 31.12.1998)","Gross domestic product at market prices","28,738.8"
"2008","Lithuania","Millions of euro (from 1.1.1999)/Millions of ECU (up to 31.12.1998)","Gross domestic product at market prices","32,414.3"
"2009","Lithuania","Millions of euro (from 1.1.1999)/Millions of ECU (up to 31.12.1998)","Gross domestic product at market prices","26,654.4"
"2010","Lithuania","Millions of euro (from 1.1.1999)/Millions of ECU (up to 31.12.1998)","Gross domestic product at market prices","27,709.7"
"2011","Lithuania","Millions of euro (from 1.1.1999)/Millions of ECU (up to 31.12.1998)","Gross domestic product at market prices","30,958.5"
"2012","Lithuania","Millions of euro (from 1.1.1999)/Millions of ECU (up to 31.12.1998)","Gross domestic product at market prices","32,939.8"
"2013","Lithuania","Millions of euro (from 1.1.1999)/Millions of ECU (up to 31.12.1998)","Gross domestic product at market prices","34,600.6"
"2004","Luxembourg","Millions of euro (from 1.1.1999)/Millions of ECU (up to 31.12.1998)","Gross domestic product at market prices","27,444.5"
"2005","Luxembourg","Millions of euro (from 1.1.1999)/Millions of ECU (up to 31.12.1998)","Gross domestic product at market prices","30,269.5"
"2006","Luxembourg","Millions of euro (from 1.1.1999)/Millions of ECU (up to 31.12.1998)","Gross domestic product at market prices","33,914.1"
"2007","Luxembourg","Millions of euro (from 1.1.1999)/Millions of ECU (up to 31.12.1998)","Gross domestic product at market prices","37,496.8"
"2008","Luxembourg","Millions of euro (from 1.1.1999)/Millions of ECU (up to 31.12.1998)","Gross domestic product at market prices","37,371.5"
"2009","Luxembourg","Millions of euro (from 1.1.1999)/Millions of ECU (up to 31.12.1998)","Gross domestic product at market prices","35,575.2"
"2010","Luxembourg","Millions of euro (from 1.1.1999)/Millions of ECU (up to 31.12.1998)","Gross domestic product at market prices","39,302.6"
"2011","Luxembourg","Millions of euro (from 1.1.1999)/Millions of ECU (up to 31.12.1998)","Gross domestic product at market prices","41,729.7"
"2012","Luxembourg","Millions of euro (from 1.1.1999)/Millions of ECU (up to 31.12.1998)","Gross domestic product at market prices","42,917.8"
"2013","Luxembourg","Millions of euro (from 1.1.1999)/Millions of ECU (up to 31.12.1998)","Gross domestic product at market prices",":"
"2004","Hungary","Millions of euro (from 1.1.1999)/Millions of ECU (up to 31.12.1998)","Gross domestic product at market prices","82,114.8"
"2005","Hungary","Millions of euro (from 1.1.1999)/Millions of ECU (up to 31.12.1998)","Gross domestic product at market prices","88,765.5"
"2006","Hungary","Millions of euro (from 1.1.1999)/Millions of ECU (up to 31.12.1998)","Gross domestic product at market prices","89,589.9"
"2007","Hungary","Millions of euro (from 1.1.1999)/Millions of ECU (up to 31.12.1998)","Gross domestic product at market prices","99,422.8"
"2008","Hungary","Millions of euro (from 1.1.1999)/Millions of ECU (up to 31.12.1998)","Gross domestic product at market prices","105,535.8"
"2009","Hungary","Millions of euro (from 1.1.1999)/Millions of ECU (up to 31.12.1998)","Gross domestic product at market prices","91,415.4"
"2010","Hungary","Millions of euro (from 1.1.1999)/Millions of ECU (up to 31.12.1998)","Gross domestic product at market prices","96,243.0"
"2011","Hungary","Millions of euro (from 1.1.1999)/Millions of ECU (up to 31.12.1998)","Gross domestic product at market prices","98,920.6"
"2012","Hungary","Millions of euro (from 1.1.1999)/Millions of ECU (up to 31.12.1998)","Gross domestic product at market prices","96,968.3"
"2013","Hungary","Millions of euro (from 1.1.1999)/Millions of ECU (up to 31.12.1998)","Gross domestic product at market prices",":"
"2004","Malta","Millions of euro (from 1.1.1999)/Millions of ECU (up to 31.12.1998)","Gross domestic product at market prices","4,669.9"
"2005","Malta","Millions of euro (from 1.1.1999)/Millions of ECU (up to 31.12.1998)","Gross domestic product at market prices","4,930.9"
"2006","Malta","Millions of euro (from 1.1.1999)/Millions of ECU (up to 31.12.1998)","Gross domestic product at market prices","5,206.7"
"2007","Malta","Millions of euro (from 1.1.1999)/Millions of ECU (up to 31.12.1998)","Gross domestic product at market prices","5,575.4"
"2008","Malta","Millions of euro (from 1.1.1999)/Millions of ECU (up to 31.12.1998)","Gross domestic product at market prices","5,963.5"
"2009","Malta","Millions of euro (from 1.1.1999)/Millions of ECU (up to 31.12.1998)","Gross domestic product at market prices","5,956.0"
"2010","Malta","Millions of euro (from 1.1.1999)/Millions of ECU (up to 31.12.1998)","Gross domestic product at market prices","6,385.1"
"2011","Malta","Millions of euro (from 1.1.1999)/Millions of ECU (up to 31.12.1998)","Gross domestic product at market prices","6,644.6"
"2012","Malta","Millions of euro (from 1.1.1999)/Millions of ECU (up to 31.12.1998)","Gross domestic product at market prices","6,850.7"
"2013","Malta","Millions of euro (from 1.1.1999)/Millions of ECU (up to 31.12.1998)","Gross domestic product at market prices",":"
"2004","Netherlands","Millions of euro (from 1.1.1999)/Millions of ECU (up to 31.12.1998)","Gross domestic product at market prices","491,184.0"
"2005","Netherlands","Millions of euro (from 1.1.1999)/Millions of ECU (up to 31.12.1998)","Gross domestic product at market prices","513,407.0"
"2006","Netherlands","Millions of euro (from 1.1.1999)/Millions of ECU (up to 31.12.1998)","Gross domestic product at market prices","540,216.0"
"2007","Netherlands","Millions of euro (from 1.1.1999)/Millions of ECU (up to 31.12.1998)","Gross domestic product at market prices","571,773.0"
"2008","Netherlands","Millions of euro (from 1.1.1999)/Millions of ECU (up to 31.12.1998)","Gross domestic product at market prices","594,481.0"
"2009","Netherlands","Millions of euro (from 1.1.1999)/Millions of ECU (up to 31.12.1998)","Gross domestic product at market prices","573,235.0"
"2010","Netherlands","Millions of euro (from 1.1.1999)/Millions of ECU (up to 31.12.1998)","Gross domestic product at market prices","586,789.0"
"2011","Netherlands","Millions of euro (from 1.1.1999)/Millions of ECU (up to 31.12.1998)","Gross domestic product at market prices","599,047.0"
"2012","Netherlands","Millions of euro (from 1.1.1999)/Millions of ECU (up to 31.12.1998)","Gross domestic product at market prices","599,338.0"
"2013","Netherlands","Millions of euro (from 1.1.1999)/Millions of ECU (up to 31.12.1998)","Gross domestic product at market prices",":"
"2004","Austria","Millions of euro (from 1.1.1999)/Millions of ECU (up to 31.12.1998)","Gross domestic product at market prices","234,707.8"
"2005","Austria","Millions of euro (from 1.1.1999)/Millions of ECU (up to 31.12.1998)","Gross domestic product at market prices","245,243.4"
"2006","Austria","Millions of euro (from 1.1.1999)/Millions of ECU (up to 31.12.1998)","Gross domestic product at market prices","259,034.5"
"2007","Austria","Millions of euro (from 1.1.1999)/Millions of ECU (up to 31.12.1998)","Gross domestic product at market prices","274,019.8"
"2008","Austria","Millions of euro (from 1.1.1999)/Millions of ECU (up to 31.12.1998)","Gross domestic product at market prices","282,744.2"
"2009","Austria","Millions of euro (from 1.1.1999)/Millions of ECU (up to 31.12.1998)","Gross domestic product at market prices","276,228.0"
"2010","Austria","Millions of euro (from 1.1.1999)/Millions of ECU (up to 31.12.1998)","Gross domestic product at market prices","285,165.3"
"2011","Austria","Millions of euro (from 1.1.1999)/Millions of ECU (up to 31.12.1998)","Gross domestic product at market prices","299,240.4"
"2012","Austria","Millions of euro (from 1.1.1999)/Millions of ECU (up to 31.12.1998)","Gross domestic product at market prices","307,003.8"
"2013","Austria","Millions of euro (from 1.1.1999)/Millions of ECU (up to 31.12.1998)","Gross domestic product at market prices",":"
"2004","Poland","Millions of euro (from 1.1.1999)/Millions of ECU (up to 31.12.1998)","Gross domestic product at market prices","204,236.5"
"2005","Poland","Millions of euro (from 1.1.1999)/Millions of ECU (up to 31.12.1998)","Gross domestic product at market prices","244,420.1"
"2006","Poland","Millions of euro (from 1.1.1999)/Millions of ECU (up to 31.12.1998)","Gross domestic product at market prices","272,088.9"
"2007","Poland","Millions of euro (from 1.1.1999)/Millions of ECU (up to 31.12.1998)","Gross domestic product at market prices","311,001.7"
"2008","Poland","Millions of euro (from 1.1.1999)/Millions of ECU (up to 31.12.1998)","Gross domestic product at market prices","363,175.3"
"2009","Poland","Millions of euro (from 1.1.1999)/Millions of ECU (up to 31.12.1998)","Gross domestic product at market prices","310,681.4"
"2010","Poland","Millions of euro (from 1.1.1999)/Millions of ECU (up to 31.12.1998)","Gross domestic product at market prices","354,616.1"
"2011","Poland","Millions of euro (from 1.1.1999)/Millions of ECU (up to 31.12.1998)","Gross domestic product at market prices","370,850.6"
"2012","Poland","Millions of euro (from 1.1.1999)/Millions of ECU (up to 31.12.1998)","Gross domestic product at market prices","381,204.1"
"2013","Poland","Millions of euro (from 1.1.1999)/Millions of ECU (up to 31.12.1998)","Gross domestic product at market prices",":"
"2004","Portugal","Millions of euro (from 1.1.1999)/Millions of ECU (up to 31.12.1998)","Gross domestic product at market prices","149,312.5"
"2005","Portugal","Millions of euro (from 1.1.1999)/Millions of ECU (up to 31.12.1998)","Gross domestic product at market prices","154,268.7"
"2006","Portugal","Millions of euro (from 1.1.1999)/Millions of ECU (up to 31.12.1998)","Gross domestic product at market prices","160,855.4"
"2007","Portugal","Millions of euro (from 1.1.1999)/Millions of ECU (up to 31.12.1998)","Gross domestic product at market prices","169,319.2"
"2008","Portugal","Millions of euro (from 1.1.1999)/Millions of ECU (up to 31.12.1998)","Gross domestic product at market prices","171,983.1"
"2009","Portugal","Millions of euro (from 1.1.1999)/Millions of ECU (up to 31.12.1998)","Gross domestic product at market prices","168,529.2"
"2010","Portugal","Millions of euro (from 1.1.1999)/Millions of ECU (up to 31.12.1998)","Gross domestic product at market prices","172,859.5"
"2011","Portugal","Millions of euro (from 1.1.1999)/Millions of ECU (up to 31.12.1998)","Gross domestic product at market prices","171,126.2"
"2012","Portugal","Millions of euro (from 1.1.1999)/Millions of ECU (up to 31.12.1998)","Gross domestic product at market prices","165,107.5"
"2013","Portugal","Millions of euro (from 1.1.1999)/Millions of ECU (up to 31.12.1998)","Gross domestic product at market prices",":"
"2004","Romania","Millions of euro (from 1.1.1999)/Millions of ECU (up to 31.12.1998)","Gross domestic product at market prices","61,063.9"
"2005","Romania","Millions of euro (from 1.1.1999)/Millions of ECU (up to 31.12.1998)","Gross domestic product at market prices","79,801.9"
"2006","Romania","Millions of euro (from 1.1.1999)/Millions of ECU (up to 31.12.1998)","Gross domestic product at market prices","97,751.0"
"2007","Romania","Millions of euro (from 1.1.1999)/Millions of ECU (up to 31.12.1998)","Gross domestic product at market prices","124,728.5"
"2008","Romania","Millions of euro (from 1.1.1999)/Millions of ECU (up to 31.12.1998)","Gross domestic product at market prices","139,765.4"
"2009","Romania","Millions of euro (from 1.1.1999)/Millions of ECU (up to 31.12.1998)","Gross domestic product at market prices","118,196.0"
"2010","Romania","Millions of euro (from 1.1.1999)/Millions of ECU (up to 31.12.1998)","Gross domestic product at market prices","124,327.7"
"2011","Romania","Millions of euro (from 1.1.1999)/Millions of ECU (up to 31.12.1998)","Gross domestic product at market prices","131,478.0"
"2012","Romania","Millions of euro (from 1.1.1999)/Millions of ECU (up to 31.12.1998)","Gross domestic product at market prices","131,578.9"
"2013","Romania","Millions of euro (from 1.1.1999)/Millions of ECU (up to 31.12.1998)","Gross domestic product at market prices",":"
"2004","Slovenia","Millions of euro (from 1.1.1999)/Millions of ECU (up to 31.12.1998)","Gross domestic product at market prices","27,227.5"
"2005","Slovenia","Millions of euro (from 1.1.1999)/Millions of ECU (up to 31.12.1998)","Gross domestic product at market prices","28,730.9"
"2006","Slovenia","Millions of euro (from 1.1.1999)/Millions of ECU (up to 31.12.1998)","Gross domestic product at market prices","31,050.7"
"2007","Slovenia","Millions of euro (from 1.1.1999)/Millions of ECU (up to 31.12.1998)","Gross domestic product at market prices","34,593.6"
"2008","Slovenia","Millions of euro (from 1.1.1999)/Millions of ECU (up to 31.12.1998)","Gross domestic product at market prices","37,244.4"
"2009","Slovenia","Millions of euro (from 1.1.1999)/Millions of ECU (up to 31.12.1998)","Gross domestic product at market prices","35,420.2"
"2010","Slovenia","Millions of euro (from 1.1.1999)/Millions of ECU (up to 31.12.1998)","Gross domestic product at market prices","35,484.6"
"2011","Slovenia","Millions of euro (from 1.1.1999)/Millions of ECU (up to 31.12.1998)","Gross domestic product at market prices","36,150.0"
"2012","Slovenia","Millions of euro (from 1.1.1999)/Millions of ECU (up to 31.12.1998)","Gross domestic product at market prices","35,318.6"
"2013","Slovenia","Millions of euro (from 1.1.1999)/Millions of ECU (up to 31.12.1998)","Gross domestic product at market prices",":"
"2004","Slovakia","Millions of euro (from 1.1.1999)/Millions of ECU (up to 31.12.1998)","Gross domestic product at market prices","33,994.6"
"2005","Slovakia","Millions of euro (from 1.1.1999)/Millions of ECU (up to 31.12.1998)","Gross domestic product at market prices","38,489.1"
"2006","Slovakia","Millions of euro (from 1.1.1999)/Millions of ECU (up to 31.12.1998)","Gross domestic product at market prices","44,501.7"
"2007","Slovakia","Millions of euro (from 1.1.1999)/Millions of ECU (up to 31.12.1998)","Gross domestic product at market prices","54,810.8"
"2008","Slovakia","Millions of euro (from 1.1.1999)/Millions of ECU (up to 31.12.1998)","Gross domestic product at market prices","64,413.5"
"2009","Slovakia","Millions of euro (from 1.1.1999)/Millions of ECU (up to 31.12.1998)","Gross domestic product at market prices","62,794.4"
"2010","Slovakia","Millions of euro (from 1.1.1999)/Millions of ECU (up to 31.12.1998)","Gross domestic product at market prices","65,897.0"
"2011","Slovakia","Millions of euro (from 1.1.1999)/Millions of ECU (up to 31.12.1998)","Gross domestic product at market prices","68,974.2"
"2012","Slovakia","Millions of euro (from 1.1.1999)/Millions of ECU (up to 31.12.1998)","Gross domestic product at market prices","71,096.0"
"2013","Slovakia","Millions of euro (from 1.1.1999)/Millions of ECU (up to 31.12.1998)","Gross domestic product at market prices",":"
"2004","Finland","Millions of euro (from 1.1.1999)/Millions of ECU (up to 31.12.1998)","Gross domestic product at market prices","152,266.0"
"2005","Finland","Millions of euro (from 1.1.1999)/Millions of ECU (up to 31.12.1998)","Gross domestic product at market prices","157,429.0"
"2006","Finland","Millions of euro (from 1.1.1999)/Millions of ECU (up to 31.12.1998)","Gross domestic product at market prices","165,765.0"
"2007","Finland","Millions of euro (from 1.1.1999)/Millions of ECU (up to 31.12.1998)","Gross domestic product at market prices","179,830.0"
"2008","Finland","Millions of euro (from 1.1.1999)/Millions of ECU (up to 31.12.1998)","Gross domestic product at market prices","185,670.0"
"2009","Finland","Millions of euro (from 1.1.1999)/Millions of ECU (up to 31.12.1998)","Gross domestic product at market prices","172,318.0"
"2010","Finland","Millions of euro (from 1.1.1999)/Millions of ECU (up to 31.12.1998)","Gross domestic product at market prices","178,724.0"
"2011","Finland","Millions of euro (from 1.1.1999)/Millions of ECU (up to 31.12.1998)","Gross domestic product at market prices","188,744.0"
"2012","Finland","Millions of euro (from 1.1.1999)/Millions of ECU (up to 31.12.1998)","Gross domestic product at market prices","192,350.0"
"2013","Finland","Millions of euro (from 1.1.1999)/Millions of ECU (up to 31.12.1998)","Gross domestic product at market prices",":"
"2004","Sweden","Millions of euro (from 1.1.1999)/Millions of ECU (up to 31.12.1998)","Gross domestic product at market prices","291,634.1"
"2005","Sweden","Millions of euro (from 1.1.1999)/Millions of ECU (up to 31.12.1998)","Gross domestic product at market prices","298,353.3"
"2006","Sweden","Millions of euro (from 1.1.1999)/Millions of ECU (up to 31.12.1998)","Gross domestic product at market prices","318,170.8"
"2007","Sweden","Millions of euro (from 1.1.1999)/Millions of ECU (up to 31.12.1998)","Gross domestic product at market prices","337,944.2"
"2008","Sweden","Millions of euro (from 1.1.1999)/Millions of ECU (up to 31.12.1998)","Gross domestic product at market prices","333,255.7"
"2009","Sweden","Millions of euro (from 1.1.1999)/Millions of ECU (up to 31.12.1998)","Gross domestic product at market prices","292,472.1"
"2010","Sweden","Millions of euro (from 1.1.1999)/Millions of ECU (up to 31.12.1998)","Gross domestic product at market prices","349,945.1"
"2011","Sweden","Millions of euro (from 1.1.1999)/Millions of ECU (up to 31.12.1998)","Gross domestic product at market prices","385,450.7"
"2012","Sweden","Millions of euro (from 1.1.1999)/Millions of ECU (up to 31.12.1998)","Gross domestic product at market prices","407,820.3"
"2013","Sweden","Millions of euro (from 1.1.1999)/Millions of ECU (up to 31.12.1998)","Gross domestic product at market prices","420,088.3"
"2004","United Kingdom","Millions of euro (from 1.1.1999)/Millions of ECU (up to 31.12.1998)","Gross domestic product at market prices","1,787,298.5"
"2005","United Kingdom","Millions of euro (from 1.1.1999)/Millions of ECU (up to 31.12.1998)","Gross domestic product at market prices","1,867,129.3"
"2006","United Kingdom","Millions of euro (from 1.1.1999)/Millions of ECU (up to 31.12.1998)","Gross domestic product at market prices","1,979,497.7"
"2007","United Kingdom","Millions of euro (from 1.1.1999)/Millions of ECU (up to 31.12.1998)","Gross domestic product at market prices","2,086,519.9"
"2008","United Kingdom","Millions of euro (from 1.1.1999)/Millions of ECU (up to 31.12.1998)","Gross domestic product at market prices","1,836,125.5"
"2009","United Kingdom","Millions of euro (from 1.1.1999)/Millions of ECU (up to 31.12.1998)","Gross domestic product at market prices","1,590,858.0"
"2010","United Kingdom","Millions of euro (from 1.1.1999)/Millions of ECU (up to 31.12.1998)","Gross domestic product at market prices","1,731,809.0"
"2011","United Kingdom","Millions of euro (from 1.1.1999)/Millions of ECU (up to 31.12.1998)","Gross domestic product at market prices","1,770,909.6"
"2012","United Kingdom","Millions of euro (from 1.1.1999)/Millions of ECU (up to 31.12.1998)","Gross domestic product at market prices","1,932,701.9"
"2013","United Kingdom","Millions of euro (from 1.1.1999)/Millions of ECU (up to 31.12.1998)","Gross domestic product at market prices",":"
"2004","Iceland","Millions of euro (from 1.1.1999)/Millions of ECU (up to 31.12.1998)","Gross domestic product at market prices","10,674.1"
"2005","Iceland","Millions of euro (from 1.1.1999)/Millions of ECU (up to 31.12.1998)","Gross domestic product at market prices","13,111.9"
"2006","Iceland","Millions of euro (from 1.1.1999)/Millions of ECU (up to 31.12.1998)","Gross domestic product at market prices","13,315.9"
"2007","Iceland","Millions of euro (from 1.1.1999)/Millions of ECU (up to 31.12.1998)","Gross domestic product at market prices","14,932.4"
"2008","Iceland","Millions of euro (from 1.1.1999)/Millions of ECU (up to 31.12.1998)","Gross domestic product at market prices","10,292.3"
"2009","Iceland","Millions of euro (from 1.1.1999)/Millions of ECU (up to 31.12.1998)","Gross domestic product at market prices","8,675.3"
"2010","Iceland","Millions of euro (from 1.1.1999)/Millions of ECU (up to 31.12.1998)","Gross domestic product at market prices","9,487.5"
"2011","Iceland","Millions of euro (from 1.1.1999)/Millions of ECU (up to 31.12.1998)","Gross domestic product at market prices","10,089.4"
"2012","Iceland","Millions of euro (from 1.1.1999)/Millions of ECU (up to 31.12.1998)","Gross domestic product at market prices","10,567.1"
"2013","Iceland","Millions of euro (from 1.1.1999)/Millions of ECU (up to 31.12.1998)","Gross domestic product at market prices",":"
"2004","Liechtenstein","Millions of euro (from 1.1.1999)/Millions of ECU (up to 31.12.1998)","Gross domestic product at market prices","2,782.4"
"2005","Liechtenstein","Millions of euro (from 1.1.1999)/Millions of ECU (up to 31.12.1998)","Gross domestic product at market prices","2,942.9"
"2006","Liechtenstein","Millions of euro (from 1.1.1999)/Millions of ECU (up to 31.12.1998)","Gross domestic product at market prices","3,188.7"
"2007","Liechtenstein","Millions of euro (from 1.1.1999)/Millions of ECU (up to 31.12.1998)","Gross domestic product at market prices","3,362.4"
"2008","Liechtenstein","Millions of euro (from 1.1.1999)/Millions of ECU (up to 31.12.1998)","Gross domestic product at market prices","3,467.1"
"2009","Liechtenstein","Millions of euro (from 1.1.1999)/Millions of ECU (up to 31.12.1998)","Gross domestic product at market prices","3,246.0"
"2010","Liechtenstein","Millions of euro (from 1.1.1999)/Millions of ECU (up to 31.12.1998)","Gross domestic product at market prices","3,840.0"
"2011","Liechtenstein","Millions of euro (from 1.1.1999)/Millions of ECU (up to 31.12.1998)","Gross domestic product at market prices","4,182.1"
"2012","Liechtenstein","Millions of euro (from 1.1.1999)/Millions of ECU (up to 31.12.1998)","Gross domestic product at market prices",":"
"2013","Liechtenstein","Millions of euro (from 1.1.1999)/Millions of ECU (up to 31.12.1998)","Gross domestic product at market prices",":"
"2004","Norway","Millions of euro (from 1.1.1999)/Millions of ECU (up to 31.12.1998)","Gross domestic product at market prices","209,423.5"
"2005","Norway","Millions of euro (from 1.1.1999)/Millions of ECU (up to 31.12.1998)","Gross domestic product at market prices","244,582.1"
"2006","Norway","Millions of euro (from 1.1.1999)/Millions of ECU (up to 31.12.1998)","Gross domestic product at market prices","271,001.2"
"2007","Norway","Millions of euro (from 1.1.1999)/Millions of ECU (up to 31.12.1998)","Gross domestic product at market prices","287,712.2"
"2008","Norway","Millions of euro (from 1.1.1999)/Millions of ECU (up to 31.12.1998)","Gross domestic product at market prices","311,284.9"
"2009","Norway","Millions of euro (from 1.1.1999)/Millions of ECU (up to 31.12.1998)","Gross domestic product at market prices","272,958.8"
"2010","Norway","Millions of euro (from 1.1.1999)/Millions of ECU (up to 31.12.1998)","Gross domestic product at market prices","317,862.4"
"2011","Norway","Millions of euro (from 1.1.1999)/Millions of ECU (up to 31.12.1998)","Gross domestic product at market prices","352,962.8"
"2012","Norway","Millions of euro (from 1.1.1999)/Millions of ECU (up to 31.12.1998)","Gross domestic product at market prices","389,148.5"
"2013","Norway","Millions of euro (from 1.1.1999)/Millions of ECU (up to 31.12.1998)","Gross domestic product at market prices","384,747.1"
"2004","Switzerland","Millions of euro (from 1.1.1999)/Millions of ECU (up to 31.12.1998)","Gross domestic product at market prices","301,430.1"
"2005","Switzerland","Millions of euro (from 1.1.1999)/Millions of ECU (up to 31.12.1998)","Gross domestic product at market prices","309,428.4"
"2006","Switzerland","Millions of euro (from 1.1.1999)/Millions of ECU (up to 31.12.1998)","Gross domestic product at market prices","322,993.1"
"2007","Switzerland","Millions of euro (from 1.1.1999)/Millions of ECU (up to 31.12.1998)","Gross domestic product at market prices","329,214.4"
"2008","Switzerland","Millions of euro (from 1.1.1999)/Millions of ECU (up to 31.12.1998)","Gross domestic product at market prices","357,724.8"
"2009","Switzerland","Millions of euro (from 1.1.1999)/Millions of ECU (up to 31.12.1998)","Gross domestic product at market prices","367,133.5"
"2010","Switzerland","Millions of euro (from 1.1.1999)/Millions of ECU (up to 31.12.1998)","Gross domestic product at market prices","414,884.1"
"2011","Switzerland","Millions of euro (from 1.1.1999)/Millions of ECU (up to 31.12.1998)","Gross domestic product at market prices","474,689.2"
"2012","Switzerland","Millions of euro (from 1.1.1999)/Millions of ECU (up to 31.12.1998)","Gross domestic product at market prices","491,040.4"
"2013","Switzerland","Millions of euro (from 1.1.1999)/Millions of ECU (up to 31.12.1998)","Gross domestic product at market prices","489,978.1"
"2004","Montenegro","Millions of euro (from 1.1.1999)/Millions of ECU (up to 31.12.1998)","Gross domestic product at market prices","1,669.8"
"2005","Montenegro","Millions of euro (from 1.1.1999)/Millions of ECU (up to 31.12.1998)","Gross domestic product at market prices","1,815.0"
"2006","Montenegro","Millions of euro (from 1.1.1999)/Millions of ECU (up to 31.12.1998)","Gross domestic product at market prices","2,149.0"
"2007","Montenegro","Millions of euro (from 1.1.1999)/Millions of ECU (up to 31.12.1998)","Gross domestic product at market prices","2,680.5"
"2008","Montenegro","Millions of euro (from 1.1.1999)/Millions of ECU (up to 31.12.1998)","Gross domestic product at market prices","3,085.6"
"2009","Montenegro","Millions of euro (from 1.1.1999)/Millions of ECU (up to 31.12.1998)","Gross domestic product at market prices","2,981.0"
"2010","Montenegro","Millions of euro (from 1.1.1999)/Millions of ECU (up to 31.12.1998)","Gross domestic product at market prices","3,103.9"
"2011","Montenegro","Millions of euro (from 1.1.1999)/Millions of ECU (up to 31.12.1998)","Gross domestic product at market prices","3,234.1"
"2012","Montenegro","Millions of euro (from 1.1.1999)/Millions of ECU (up to 31.12.1998)","Gross domestic product at market prices","3,148.9"
"2013","Montenegro","Millions of euro (from 1.1.1999)/Millions of ECU (up to 31.12.1998)","Gross domestic product at market prices",":"
"2004","Former Yugoslav Republic of Macedonia, the","Millions of euro (from 1.1.1999)/Millions of ECU (up to 31.12.1998)","Gross domestic product at market prices","4,442.0"
"2005","Former Yugoslav Republic of Macedonia, the","Millions of euro (from 1.1.1999)/Millions of ECU (up to 31.12.1998)","Gross domestic product at market prices","4,813.5"
"2006","Former Yugoslav Republic of Macedonia, the","Millions of euro (from 1.1.1999)/Millions of ECU (up to 31.12.1998)","Gross domestic product at market prices","5,230.6"
"2007","Former Yugoslav Republic of Macedonia, the","Millions of euro (from 1.1.1999)/Millions of ECU (up to 31.12.1998)","Gross domestic product at market prices","5,966.5"
"2008","Former Yugoslav Republic of Macedonia, the","Millions of euro (from 1.1.1999)/Millions of ECU (up to 31.12.1998)","Gross domestic product at market prices","6,692.6"
"2009","Former Yugoslav Republic of Macedonia, the","Millions of euro (from 1.1.1999)/Millions of ECU (up to 31.12.1998)","Gross domestic product at market prices","6,702.4"
"2010","Former Yugoslav Republic of Macedonia, the","Millions of euro (from 1.1.1999)/Millions of ECU (up to 31.12.1998)","Gross domestic product at market prices","7,056.5"
"2011","Former Yugoslav Republic of Macedonia, the","Millions of euro (from 1.1.1999)/Millions of ECU (up to 31.12.1998)","Gross domestic product at market prices","7,478.7"
"2012","Former Yugoslav Republic of Macedonia, the","Millions of euro (from 1.1.1999)/Millions of ECU (up to 31.12.1998)","Gross domestic product at market prices","7,454.4"
"2013","Former Yugoslav Republic of Macedonia, the","Millions of euro (from 1.1.1999)/Millions of ECU (up to 31.12.1998)","Gross domestic product at market prices",":"
"2004","Serbia","Millions of euro (from 1.1.1999)/Millions of ECU (up to 31.12.1998)","Gross domestic product at market prices","18,993.6"
"2005","Serbia","Millions of euro (from 1.1.1999)/Millions of ECU (up to 31.12.1998)","Gross domestic product at market prices","20,285.3"
"2006","Serbia","Millions of euro (from 1.1.1999)/Millions of ECU (up to 31.12.1998)","Gross domestic product at market prices","23,327.4"
"2007","Serbia","Millions of euro (from 1.1.1999)/Millions of ECU (up to 31.12.1998)","Gross domestic product at market prices","28,473.9"
"2008","Serbia","Millions of euro (from 1.1.1999)/Millions of ECU (up to 31.12.1998)","Gross domestic product at market prices","32,678.9"
"2009","Serbia","Millions of euro (from 1.1.1999)/Millions of ECU (up to 31.12.1998)","Gross domestic product at market prices","28,951.9"
"2010","Serbia","Millions of euro (from 1.1.1999)/Millions of ECU (up to 31.12.1998)","Gross domestic product at market prices","27,967.8"
"2011","Serbia","Millions of euro (from 1.1.1999)/Millions of ECU (up to 31.12.1998)","Gross domestic product at market prices","31,472.4"
"2012","Serbia","Millions of euro (from 1.1.1999)/Millions of ECU (up to 31.12.1998)","Gross domestic product at market prices","29,601.0"
"2013","Serbia","Millions of euro (from 1.1.1999)/Millions of ECU (up to 31.12.1998)","Gross domestic product at market prices",":"
"2004","Turkey","Millions of euro (from 1.1.1999)/Millions of ECU (up to 31.12.1998)","Gross domestic product at market prices","314,584.4"
"2005","Turkey","Millions of euro (from 1.1.1999)/Millions of ECU (up to 31.12.1998)","Gross domestic product at market prices","386,936.8"
"2006","Turkey","Millions of euro (from 1.1.1999)/Millions of ECU (up to 31.12.1998)","Gross domestic product at market prices","419,232.1"
"2007","Turkey","Millions of euro (from 1.1.1999)/Millions of ECU (up to 31.12.1998)","Gross domestic product at market prices","471,972.2"
"2008","Turkey","Millions of euro (from 1.1.1999)/Millions of ECU (up to 31.12.1998)","Gross domestic product at market prices","498,601.7"
"2009","Turkey","Millions of euro (from 1.1.1999)/Millions of ECU (up to 31.12.1998)","Gross domestic product at market prices","440,367.3"
"2010","Turkey","Millions of euro (from 1.1.1999)/Millions of ECU (up to 31.12.1998)","Gross domestic product at market prices","550,362.8"
"2011","Turkey","Millions of euro (from 1.1.1999)/Millions of ECU (up to 31.12.1998)","Gross domestic product at market prices","555,100.2"
"2012","Turkey","Millions of euro (from 1.1.1999)/Millions of ECU (up to 31.12.1998)","Gross domestic product at market prices","611,967.2"
"2013","Turkey","Millions of euro (from 1.1.1999)/Millions of ECU (up to 31.12.1998)","Gross domestic product at market prices",":"
"2004","United States","Millions of euro (from 1.1.1999)/Millions of ECU (up to 31.12.1998)","Gross domestic product at market prices","9,869,764.5"
"2005","United States","Millions of euro (from 1.1.1999)/Millions of ECU (up to 31.12.1998)","Gross domestic product at market prices","10,526,002.7"
"2006","United States","Millions of euro (from 1.1.1999)/Millions of ECU (up to 31.12.1998)","Gross domestic product at market prices","11,036,874.8"
"2007","United States","Millions of euro (from 1.1.1999)/Millions of ECU (up to 31.12.1998)","Gross domestic product at market prices","10,565,705.9"
"2008","United States","Millions of euro (from 1.1.1999)/Millions of ECU (up to 31.12.1998)","Gross domestic product at market prices","10,008,362.8"
"2009","United States","Millions of euro (from 1.1.1999)/Millions of ECU (up to 31.12.1998)","Gross domestic product at market prices","10,336,894.2"
"2010","United States","Millions of euro (from 1.1.1999)/Millions of ECU (up to 31.12.1998)","Gross domestic product at market prices","11,283,322.0"
"2011","United States","Millions of euro (from 1.1.1999)/Millions of ECU (up to 31.12.1998)","Gross domestic product at market prices","11,159,339.1"
"2012","United States","Millions of euro (from 1.1.1999)/Millions of ECU (up to 31.12.1998)","Gross domestic product at market prices","12,643,680.0"
"2013","United States","Millions of euro (from 1.1.1999)/Millions of ECU (up to 31.12.1998)","Gross domestic product at market prices",":"
"2004","Japan","Millions of euro (from 1.1.1999)/Millions of ECU (up to 31.12.1998)","Gross domestic product at market prices","3,746,841.0"
"2005","Japan","Millions of euro (from 1.1.1999)/Millions of ECU (up to 31.12.1998)","Gross domestic product at market prices","3,682,155.6"
"2006","Japan","Millions of euro (from 1.1.1999)/Millions of ECU (up to 31.12.1998)","Gross domestic product at market prices","3,469,983.6"
"2007","Japan","Millions of euro (from 1.1.1999)/Millions of ECU (up to 31.12.1998)","Gross domestic product at market prices","3,181,241.6"
"2008","Japan","Millions of euro (from 1.1.1999)/Millions of ECU (up to 31.12.1998)","Gross domestic product at market prices","3,287,696.3"
"2009","Japan","Millions of euro (from 1.1.1999)/Millions of ECU (up to 31.12.1998)","Gross domestic product at market prices","3,614,690.0"
"2010","Japan","Millions of euro (from 1.1.1999)/Millions of ECU (up to 31.12.1998)","Gross domestic product at market prices","4,149,900.2"
"2011","Japan","Millions of euro (from 1.1.1999)/Millions of ECU (up to 31.12.1998)","Gross domestic product at market prices","4,247,573.9"
"2012","Japan","Millions of euro (from 1.1.1999)/Millions of ECU (up to 31.12.1998)","Gross domestic product at market prices","4,622,666.6"
"2013","Japan","Millions of euro (from 1.1.1999)/Millions of ECU (up to 31.12.1998)","Gross domestic product at market prices",":"
